GEOID,hh_income,house_value
36005000100,,
36005000200,70867,457300
36005000400,98090,456100
36005001600,40033,587600
36005001901,55924,
36005001902,60804,425600
36005001903,,
36005001904,,
36005002001,20870,
36005002002,,441800
36005002300,22177,
36005002400,,
36005002500,25954,1024000
36005002701,18686,
36005002702,14681,
36005002800,54321,311400
36005003100,34276,233800
36005003300,20129,625000
36005003500,30793,579200
36005003700,37321,
36005003800,83295,640200
36005003900,20049,
36005004001,64087,511100
36005004100,20551,662000
36005004200,57250,341000
36005004300,25534,613500
36005004400,15750,596400
36005004600,29145,
36005004800,33500,
36005005001,28353,503500
36005005002,34013,533200
36005005100,19731,
36005005200,21397,609700
36005005300,20449,
36005005400,45625,486700
36005005600,40341,583000
36005005902,44917,260800
36005006000,34239,500000
36005006100,60685,25400
36005006200,24769,
36005006301,50273,324600
36005006302,,
36005006400,35144,454400
36005006500,21962,
36005006700,15957,
36005006800,38125,645700
36005006900,32887,210900
36005007000,53014,535600
36005007100,43079,271500
36005007200,54097,629000
36005007300,25619,
36005007400,37352,481500
36005007500,30413,271600
36005007600,51625,618200
36005007700,48333,374600
36005007800,54615,475400
36005007900,22534,
36005008300,42386,457900
36005008400,66373,584000
36005008500,33065,359700
36005008600,25608,616600
36005008700,30357,
36005008900,29599,
36005009000,30953,433200
36005009200,54924,596400
36005009301,39606,419800
36005009302,,
36005009600,49638,476600
36005009800,73622,466400
36005011000,,
36005011502,23791,437700
36005011701,37781,9999
36005011702,,
36005011800,101875,450400
36005011900,32007,438100
36005012101,48152,413200
36005012102,27281,
36005012300,39258,777600
36005012500,45966,530600
36005012701,34960,339800
36005012901,34329,384100
36005013000,55333,555100
36005013100,25227,598800
36005013200,122179,552500
36005013300,32326,345800
36005013500,17385,472200
36005013800,81164,326900
36005014100,33064,329500
36005014300,16196,
36005014400,18906,691700
36005014500,32074,
36005014701,24279,
36005014702,18033,
36005014900,24375,
36005015100,27135,585700
36005015200,78425,542000
36005015300,32060,448700
36005015500,35559,
36005015700,37600,536500
36005015800,59375,564400
36005015900,28611,597200
36005016000,86517,530100
36005016100,19599,
36005016200,85909,568600
36005016300,,
36005016400,66681,506400
36005016500,35156,
36005016600,95372,536000
36005016700,46481,478900
36005016900,45273,606000
36005017100,,
36005017300,29063,
36005017500,25767,
36005017701,33428,548200
36005017702,42262,450000
36005017901,42774,340000
36005017902,36614,
36005018101,48464,665900
36005018102,30063,
36005018301,43350,318000
36005018302,57180,226500
36005018400,105052,483200
36005018501,47826,
36005018502,23508,
36005018900,36087,108200
36005019300,35291,
36005019400,63452,528000
36005019500,44323,545700
36005019700,31008,
36005019900,37080,65300
36005020000,41250,515200
36005020100,38235,
36005020200,48204,592400
36005020400,57159,551900
36005020501,19147,
36005020502,37946,609200
36005020601,53750,684900
36005020900,39489,
36005021001,56258,232300
36005021002,61940,163300
36005021100,35855,549100
36005021200,61146,193600
36005021301,34773,
36005021302,19660,
36005021501,36607,
36005021502,26176,268800
36005021601,39283,597800
36005021602,54410,166100
36005021700,40794,
36005021800,50849,550600
36005021900,40587,
36005022000,29625,690100
36005022101,37200,
36005022102,40500,
36005022200,46806,389000
36005022300,30694,
36005022401,50262,137100
36005022403,80140,214700
36005022404,62656,189100
36005022500,47254,
36005022701,32773,368200
36005022702,24201,
36005022703,70882,
36005022800,66352,570800
36005022901,41317,588600
36005022902,46576,744000
36005023000,51490,559400
36005023100,47321,550000
36005023200,53266,556000
36005023301,37887,476700
36005023302,47857,
36005023501,31786,
36005023502,44757,53000
36005023600,42121,490800
36005023702,48646,
36005023703,19179,
36005023704,31420,
36005023800,64760,615700
36005023900,43102,
36005024000,71513,449300
36005024100,42482,702400
36005024300,31435,
36005024400,54359,586100
36005024501,35303,
36005024502,42396,
36005024600,77188,621800
36005024700,52016,
36005024800,77731,604300
36005024900,,
36005025000,82941,609000
36005025100,46728,527300
36005025200,71042,568300
36005025300,40479,
36005025400,75368,526300
36005025500,42218,617200
36005025600,50980,488500
36005025700,39784,485700
36005026100,54648,200400
36005026300,32379,364100
36005026400,61014,480400
36005026500,53177,
36005026601,52619,517700
36005026602,41528,459600
36005026701,46123,
36005026702,46098,624600
36005026900,27670,228000
36005027300,48459,480600
36005027401,82273,595800
36005027402,94333,645800
36005027600,,
36005027700,31500,161400
36005027900,55406,148600
36005028100,56667,29900
36005028300,22971,
36005028400,,
36005028500,65625,482600
36005028600,84286,559300
36005028700,70319,645000
36005028800,80682,627500
36005028900,49284,282500
36005029301,133750,525800
36005029302,116413,296100
36005029500,94543,331800
36005029600,51932,527200
36005029700,104318,384600
36005030000,72568,523100
36005030100,82554,280900
36005030201,60773,36500
36005030202,67500,32900
36005030701,128919,444000
36005030900,108470,385500
36005031000,111106,639600
36005031200,102188,526200
36005031400,95486,582700
36005031600,90294,603600
36005031800,118250,622000
36005031900,,
36005032300,88026,265600
36005032400,23741,592700
36005032600,95071,591800
36005032800,44680,557000
36005033000,39018,513800
36005033201,37255,229600
36005033202,44812,253700
36005033400,,
36005033500,99659,333300
36005033601,30533,
36005033602,41950,233500
36005033700,114151,774200
36005033801,63978,393800
36005033802,39487,
36005034000,57782,566200
36005034200,64113,534100
36005034300,83991,603400
36005034400,79779,498100
36005034500,109167,503400
36005034800,42537,491000
36005035000,64172,474100
36005035100,96131,323600
36005035600,78803,508000
36005035800,80727,498900
36005035900,26442,225000
36005036000,83438,497500
36005036100,20435,
36005036300,27374,498800
36005036400,55208,501300
36005036501,36535,
36005036502,28566,648100
36005036700,,488000
36005036800,42460,434300
36005036901,23854,
36005036902,15625,
36005037000,76065,451100
36005037100,24683,461000
36005037200,51705,434400
36005037300,47650,
36005037400,35232,441800
36005037504,25417,
36005037600,55000,375000
36005037800,46136,
36005037900,32269,535700
36005038000,39856,
36005038100,38937,
36005038200,54844,540200
36005038301,48964,
36005038303,20436,
36005038304,16208,
36005038500,21875,613400
36005038600,58382,494600
36005038700,39080,
36005038800,64094,456200
36005038900,37260,596800
36005039000,52386,371700
36005039100,29154,273700
36005039200,54451,334600
36005039300,22569,411900
36005039400,50667,
36005039500,25211,389700
36005039600,38923,468700
36005039700,28125,
36005039800,55433,491700
36005039901,36338,
36005039902,46174,
36005040100,25873,
36005040302,37318,
36005040303,34773,468300
36005040304,31765,
36005040400,92431,469200
36005040501,45930,582300
36005040502,38816,
36005040600,45982,556300
36005040701,45363,
36005040702,33750,446300
36005040800,34341,616800
36005040900,60278,228100
36005041100,38452,
36005041300,60646,276000
36005041400,61250,467400
36005041500,44707,234800
36005041800,67986,398900
36005041900,44444,
36005042000,31558,492900
36005042100,48943,
36005042200,64181,495500
36005042300,48897,468200
36005042400,77896,457000
36005042500,32421,
36005042600,82402,552000
36005042800,89762,515000
36005042901,38833,789800
36005042902,42331,544000
36005043000,59500,552500
36005043101,39681,
36005043102,32759,161900
36005043400,101875,497100
36005043501,27391,
36005043502,,
36005043503,,
36005043600,73550,442100
36005044200,42009,401000
36005044400,96094,494700
36005044800,101667,504100
36005044901,90000,519800
36005044902,98542,589000
36005045101,54986,504100
36005045102,85461,253200
36005045600,104190,482400
36005045800,28850,
36005046000,38937,393800
36005046203,43106,
36005046204,72088,31000
36005046205,49219,36600
36005046206,37343,
36005046207,56157,26900
36005046208,78339,428200
36005046209,42121,200300
36005048401,87870,578700
36005048402,,
36005050400,,
36005051601,118972,535000
36005051602,,
36047000100,134738,754500
36047000200,58882,852300
36047000301,179936,1295000
36047000501,141354,1188500
36047000502,155600,739900
36047000700,186422,2000001
36047000900,198590,943500
36047001100,154167,1507600
36047001300,125673,594500
36047001501,86172,834900
36047001502,122159,1316900
36047001801,,
36047001802,,
36047001803,,
36047001804,,
36047002000,65313,866700
36047002100,250001,1695100
36047002200,38309,
36047002300,21342,
36047002901,24600,
36047003000,99511,852200
36047003101,151300,656300
36047003102,,
36047003300,126101,827500
36047003400,88897,783900
36047003500,132528,1664800
36047003600,77536,415500
36047003700,144732,1261400
36047003800,132865,935300
36047003900,126429,1408300
36047004100,195750,2000001
36047004300,136226,1258900
36047004400,128024,1218400
36047004500,152157,1245500
36047004600,122813,1273100
36047004700,122969,1348200
36047004900,157431,2000001
36047005000,125958,1040100
36047005100,155991,1078300
36047005201,59400,1087900
36047005202,103750,514600
36047005301,125357,1482100
36047005302,119205,
36047005303,,
36047005400,74874,689400
36047005601,67443,362200
36047005602,77348,561400
36047005800,67656,893100
36047005900,86167,1407600
36047006000,85352,1072300
36047006200,68722,881100
36047006300,156397,1014300
36047006400,93938,1026400
36047006500,173087,1121500
36047006600,75609,833300
36047006700,193750,2000001
36047006800,65964,984400
36047006901,128411,1668600
36047006902,210000,1190500
36047007000,78565,251600
36047007100,42526,
36047007200,46094,1545500
36047007400,65750,697500
36047007500,139911,2000001
36047007600,59583,854900
36047007700,175469,1676900
36047007800,56435,969400
36047008000,66768,735700
36047008200,42679,845200
36047008400,71546,877400
36047008500,16206,
36047008600,,
36047008800,70241,611100
36047009001,63631,839300
36047009002,53712,1175000
36047009201,70750,635200
36047009202,48571,691000
36047009401,40978,1080600
36047009402,63344,585500
36047009600,63457,842700
36047009800,55284,1007400
36047010000,53500,916700
36047010100,92015,1007900
36047010200,59188,930700
36047010401,57243,
36047010402,30881,1023400
36047010601,39306,668000
36047010602,58786,1038400
36047010801,58750,1066300
36047010802,49750,1100000
36047011000,60083,976700
36047011200,45833,779800
36047011400,53148,1041700
36047011600,42518,952400
36047011700,100167,1401800
36047011800,58571,979800
36047011901,151875,2000001
36047011902,,
36047012000,63297,872000
36047012100,110461,1664500
36047012200,50889,1125000
36047012600,55625,1088300
36047012700,57829,1846800
36047012801,55607,856600
36047012901,200762,1120300
36047012902,133250,2000001
36047013000,81160,910000
36047013100,139028,1056800
36047013200,86490,1091500
36047013300,205556,2000001
36047013400,97351,955100
36047013500,190781,1464600
36047013600,121125,959900
36047013700,139821,1625000
36047013800,79482,1068000
36047013900,151643,1713000
36047014000,53839,949500
36047014101,114722,1491100
36047014102,141025,2000001
36047014200,62847,432400
36047014300,131875,1098400
36047014500,106667,913600
36047014700,109602,1174100
36047014800,85625,927300
36047014901,144032,982100
36047014902,134817,1180400
36047015000,72708,884500
36047015100,190000,1609400
36047015200,76875,885200
36047015300,106750,2000001
36047015400,,
36047015500,190556,1497100
36047015700,166372,1205600
36047015900,187883,1105300
36047016000,84135,
36047016100,156429,1498600
36047016200,87552,833600
36047016300,123819,1174400
36047016400,122625,
36047016500,217438,2000001
36047016600,120938,954700
36047016700,188827,1141500
36047016800,100368,828300
36047016900,112419,1077400
36047017000,84116,1054800
36047017100,142560,1669800
36047017200,116983,1079800
36047017400,105197,858400
36047017500,,
36047017600,86923,761400
36047017700,,
36047017800,77522,894900
36047017900,94241,1512500
36047018000,59033,985000
36047018100,121600,
36047018200,59410,855400
36047018300,158060,2000001
36047018400,67284,927800
36047018501,41571,870200
36047018600,67426,1078200
36047018700,92469,2000001
36047018800,62056,1145200
36047019000,65821,890200
36047019100,134583,1527200
36047019200,52885,885800
36047019300,67000,564000
36047019400,47031,682900
36047019500,96106,672300
36047019600,78629,1105700
36047019700,107149,819000
36047019800,66563,1136600
36047019900,118996,2000001
36047020000,76667,878300
36047020100,129720,1229200
36047020200,71875,962300
36047020300,173125,1062500
36047020400,89474,1036300
36047020500,128281,1077100
36047020600,95114,969600
36047020700,158214,987700
36047020800,48750,1133100
36047021000,58631,1043300
36047021100,72005,721800
36047021200,58385,1024400
36047021300,66683,417900
36047021400,73456,889400
36047021500,104796,1081100
36047021600,34815,1079300
36047021700,70625,1296300
36047021800,60816,1352300
36047021900,104423,1120800
36047022000,39321,861900
36047022100,69213,684500
36047022200,31090,1546100
36047022400,44677,1046100
36047022600,75714,772700
36047022700,108750,1360300
36047022800,48507,732400
36047022900,122989,1196700
36047023000,46691,971500
36047023100,140888,1113900
36047023200,58086,909600
36047023300,61049,1144700
36047023400,26795,878500
36047023500,55682,895100
36047023600,31905,881600
36047023800,39196,1010000
36047024000,42885,888400
36047024100,71000,
36047024200,55069,1178600
36047024300,82524,1573100
36047024400,62885,1011700
36047024500,92932,1610000
36047024600,68224,1125000
36047024700,70408,1255200
36047024800,68063,892600
36047024900,78025,1018400
36047025000,55132,917200
36047025100,46947,1127400
36047025200,49815,908500
36047025300,79583,967500
36047025400,77465,875000
36047025500,23003,
36047025600,52052,865000
36047025700,99821,698300
36047025800,58490,790900
36047025901,62734,859400
36047025902,20045,
36047026000,47948,916900
36047026100,65957,
36047026200,80139,908300
36047026300,67143,933900
36047026400,67524,1157700
36047026500,75612,1544200
36047026600,45893,990700
36047026700,96618,1565700
36047026800,77716,1144800
36047026900,90962,2000001
36047027000,33611,1081500
36047027100,68750,991800
36047027200,71174,1022700
36047027300,78555,1110300
36047027400,52551,1145300
36047027500,89464,1099100
36047027600,56652,1192800
36047027700,62813,1198800
36047027800,61975,910300
36047027900,77220,1040100
36047028000,86509,789600
36047028100,37243,689900
36047028200,55644,835700
36047028300,40559,866500
36047028400,63009,903200
36047028501,50278,
36047028502,40456,
36047028600,42024,1012000
36047028700,57321,1121800
36047028800,63625,623700
36047028900,38750,1034700
36047029000,44070,485300
36047029100,87917,786100
36047029200,41827,738200
36047029300,47375,1477300
36047029400,66146,
36047029500,80197,1552300
36047029600,53825,613400
36047029700,85577,1247100
36047029800,59242,986200
36047029900,54719,878400
36047030000,64881,804600
36047030100,95530,844400
36047030200,76625,951500
36047030300,38308,859400
36047030400,48929,851100
36047030500,112854,595100
36047030600,48507,872800
36047030700,39375,885800
36047030800,53393,597500
36047030900,59484,627900
36047031100,65139,605100
36047031300,90828,740900
36047031401,76908,410100
36047031402,,
36047031500,78851,1074200
36047031701,88325,1661900
36047031702,95486,1214300
36047031900,75021,1678100
36047032100,60446,1091400
36047032300,77450,1037200
36047032500,58641,839300
36047032600,33467,1051600
36047032700,58750,1342500
36047032800,29289,546900
36047032900,59636,1505700
36047033000,19215,488300
36047033100,48393,1043100
36047033300,67663,1097700
36047033500,76771,1656600
36047033600,82500,755900
36047033701,54981,1078100
36047033702,68167,803900
36047033900,51950,1257100
36047034000,16978,
36047034100,66357,
36047034200,20469,2000001
36047034300,31420,1157900
36047034500,50982,786100
36047034700,34122,759100
36047034800,49256,1184200
36047034901,42229,
36047034902,43125,1073200
36047035000,44871,202100
36047035101,39489,
36047035102,72955,796900
36047035200,12073,
36047035301,39107,
36047035302,80565,1307500
36047035400,52143,401500
36047035500,52695,703600
36047035601,31910,252800
36047035602,55995,368500
36047035701,38793,
36047035702,,
36047035900,67432,1010500
36047036001,27700,535400
36047036002,30136,289100
36047036100,20636,1027800
36047036200,53464,639100
36047036300,36037,581900
36047036400,53528,729000
36047036501,45096,
36047036502,44926,673900
36047036600,43806,412900
36047036700,60368,
36047036900,36605,760900
36047037000,81000,589600
36047037100,78750,790600
36047037300,62542,1007400
36047037401,52625,743000
36047037402,44472,814500
36047037500,68594,757200
36047037700,70865,1233100
36047037900,56645,698500
36047038100,52131,1214700
36047038200,17806,880700
36047038300,77917,1108900
36047038500,83079,1543300
36047038600,84125,696400
36047038700,51125,747400
36047038800,76311,931900
36047038900,83681,569300
36047039000,69408,828800
36047039100,93964,
36047039200,58327,1017700
36047039300,84148,750000
36047039400,39091,1026000
36047039500,52264,
36047039600,59063,1153600
36047039700,57339,984400
36047039800,76600,843000
36047039900,55517,914100
36047040000,51991,856300
36047040100,49565,1057900
36047040200,64118,906700
36047040300,75298,964600
36047040400,80000,1040200
36047040500,67188,620400
36047040600,66196,935800
36047040700,,
36047040800,84753,947800
36047040900,56020,907800
36047041000,63224,850100
36047041100,54128,657000
36047041200,106000,945600
36047041300,64267,597900
36047041401,66250,855800
36047041402,51735,2000001
36047041500,84072,534700
36047041600,56695,1006900
36047041700,24948,811300
36047041800,55000,1597800
36047041900,58636,
36047042000,70588,935200
36047042100,86964,640400
36047042200,60918,
36047042300,83949,1015600
36047042400,62321,872200
36047042500,88650,
36047042600,67375,963900
36047042700,82917,988600
36047042800,72344,774100
36047042900,64063,721000
36047043000,46038,901900
36047043100,77633,1049300
36047043200,78173,727300
36047043300,33641,
36047043400,54375,717400
36047043500,71049,865400
36047043600,58193,927100
36047043700,60667,1078700
36047043800,65357,579500
36047043900,80286,1026200
36047044000,67250,1119600
36047044100,53594,836100
36047044200,72837,1336700
36047044300,84180,1252000
36047044400,54265,714700
36047044500,77451,751200
36047044600,68051,857100
36047044700,73438,894400
36047044800,67750,437500
36047044901,52716,
36047044902,,
36047045000,75446,838400
36047045200,73393,775900
36047045300,57143,
36047045400,96875,1063900
36047045600,68056,1541700
36047045800,84018,416700
36047046000,82500,639700
36047046201,38050,419100
36047046202,82450,939900
36047046400,54740,1161200
36047046800,35930,1169400
36047047000,73750,1045100
36047047200,78125,731600
36047047400,56500,1203700
36047047600,46250,945500
36047047700,164647,979500
36047047800,63000,1046500
36047048000,26159,961200
36047048100,81613,1201900
36047048200,53804,593300
36047048400,56809,678100
36047048500,93929,742300
36047048600,55236,863000
36047048800,61013,558400
36047048900,25154,
36047049000,58965,694400
36047049100,36653,1000000
36047049200,72058,737000
36047049301,20465,
36047049302,47238,
36047049400,88846,557600
36047049500,89375,891100
36047049600,68474,1250000
36047049700,107625,1075800
36047049800,67580,992600
36047049900,88958,1300700
36047050001,107333,705200
36047050002,148320,1073200
36047050100,98750,1132600
36047050202,97195,836500
36047050300,127993,980200
36047050401,128443,705500
36047050402,134602,627400
36047050500,63468,
36047050600,73077,906300
36047050700,50667,971200
36047050801,70134,
36047050803,67000,916700
36047050804,87124,842400
36047050900,37003,782500
36047051001,54246,
36047051002,55974,1836500
36047051100,79675,673400
36047051200,65847,666700
36047051300,121607,952100
36047051400,72477,693800
36047051500,167917,1273600
36047051601,56834,1025900
36047051602,67276,828100
36047051700,171375,1401500
36047051800,84748,588100
36047051900,188567,1303700
36047052000,108994,1309700
36047052300,91750,523000
36047052500,28050,
36047052600,73895,1146300
36047052700,61966,1606700
36047052800,107188,1134300
36047052900,27456,601900
36047053000,60365,890400
36047053101,,
36047053102,61458,942600
36047053200,65603,624000
36047053300,24834,1039600
36047053400,50444,841000
36047053500,26760,691700
36047053700,46719,826600
36047053800,63750,863000
36047053900,23011,1026800
36047054200,45549,889600
36047054300,,
36047054400,67011,710500
36047054500,23456,439700
36047054600,57017,793700
36047054700,72130,925400
36047054800,82788,943600
36047054900,122717,1085100
36047055000,67391,973600
36047055100,109662,1150300
36047055200,81250,679600
36047055300,117750,996000
36047055400,51667,584000
36047055500,174028,1427300
36047055600,60458,686300
36047055700,107410,1696400
36047055800,67500,956200
36047056000,,786100
36047056100,126159,1185600
36047056200,115867,974100
36047056301,121250,961700
36047056302,63627,
36047056400,78409,632200
36047056500,110673,2000001
36047056600,88472,816800
36047056800,82955,689900
36047056900,148333,1677100
36047057000,69987,183300
36047057100,104761,
36047057200,25498,
36047057300,93036,1512800
36047057400,87893,687200
36047057500,107365,1107600
36047057600,84500,834000
36047057800,60823,772200
36047057901,121031,791700
36047057902,,
36047058000,43375,817500
36047058200,66000,846200
36047058400,67315,656000
36047058600,74347,855900
36047058800,78375,737700
36047058901,95357,1517900
36047058902,,
36047059000,80147,788000
36047059100,123872,1020200
36047059200,71167,692000
36047059300,95595,1195600
36047059402,80167,792700
36047059403,84389,934200
36047059404,56771,940600
36047059600,50000,
36047059800,76312,
36047060000,87365,530900
36047060600,71994,337500
36047060800,86607,538100
36047061002,82515,754800
36047061003,51597,670800
36047061004,33685,544100
36047061200,135500,1215700
36047061600,126375,1025000
36047062000,94348,1237600
36047062200,82422,530600
36047062600,73472,369100
36047062800,99710,573700
36047063200,81196,359400
36047063600,128636,661100
36047063800,97981,697500
36047064000,127917,759500
36047064200,57466,1000000
36047064400,82500,750500
36047064600,84833,740200
36047064800,108846,718200
36047065000,74159,575200
36047065200,98103,743300
36047065400,110500,667000
36047065600,104653,604400
36047065800,84427,682700
36047066000,133571,700500
36047066200,83446,654500
36047066600,,
36047067000,82629,573400
36047067200,73807,679900
36047067400,135139,609100
36047067600,89265,529600
36047067800,89844,582600
36047068000,105272,580000
36047068200,94957,598400
36047068600,72500,549100
36047068800,80481,594400
36047069000,117292,587500
36047069200,109167,596500
36047069601,86023,685800
36047069602,84619,705800
36047069800,122019,667100
36047070000,84034,668500
36047070201,113707,903900
36047070202,,
36047070203,,
36047070601,128385,801600
36047070602,,
36047072000,66285,621300
36047072200,60048,599300
36047072400,76458,595800
36047072600,89814,593100
36047072800,70096,430700
36047073000,117857,624300
36047073200,61572,552200
36047073400,95515,543900
36047073600,61292,574600
36047073800,51719,645900
36047074000,66250,705700
36047074200,68931,678300
36047074400,143565,802900
36047074600,91000,804200
36047074800,73000,932400
36047075000,87134,829000
36047075200,160536,1479200
36047075400,101581,1229400
36047075600,79583,831700
36047075800,69375,789300
36047076000,46949,611700
36047076200,55500,1413300
36047076400,72889,1328900
36047076600,76250,1043800
36047076800,58663,762700
36047077000,88482,641300
36047077200,83555,1046300
36047077400,82562,924800
36047077600,78561,417200
36047078000,92391,556600
36047078200,62470,693200
36047078400,108500,702100
36047078601,63891,779500
36047078602,54030,387300
36047078801,51838,659600
36047078802,56635,
36047079001,97576,595000
36047079002,58851,666700
36047079201,75417,664800
36047079202,65192,623500
36047079400,50714,750000
36047079601,81056,535700
36047079602,68513,663700
36047079801,71583,706400
36047079802,84426,890600
36047080000,69543,1707400
36047080200,89289,482900
36047080400,52500,895000
36047080600,62135,855800
36047080800,11988,
36047081000,63362,438400
36047081400,69938,584400
36047081600,56555,640800
36047081800,80000,389400
36047082000,48475,
36047082200,66323,1044900
36047082400,51419,478700
36047082600,65866,599600
36047082800,70189,772000
36047083000,57348,727300
36047083200,75625,492500
36047083400,78906,456500
36047083600,85449,580900
36047083800,85060,541300
36047084000,69948,597300
36047084600,53281,542500
36047084800,88438,531000
36047085000,89531,513600
36047085200,,
36047085400,62361,566200
36047085600,71141,507700
36047085800,65865,484400
36047086000,66531,517800
36047086200,49861,587100
36047086400,70750,558700
36047086600,67995,529500
36047086800,42171,581100
36047087000,54432,474100
36047087200,61538,538100
36047087401,39814,461300
36047087600,41129,524400
36047087800,56875,641100
36047088001,45375,
36047088002,87448,433000
36047088200,48200,614300
36047088400,38703,664500
36047088600,42344,408300
36047088800,44754,600400
36047089000,55550,468200
36047089200,26807,
36047089400,55352,463900
36047089600,21553,475800
36047089800,56054,522200
36047090000,38088,452300
36047090200,37557,371600
36047090600,19049,
36047090800,15050,
36047091000,14446,
36047091200,14692,
36047091600,18043,439100
36047091800,30781,352800
36047092000,32711,396200
36047092200,34867,363200
36047092400,31020,
36047092800,69149,526700
36047093000,82566,603800
36047093200,34271,589300
36047093400,79595,547000
36047093600,68638,586500
36047093800,83153,527200
36047094401,75000,587000
36047094402,30916,
36047094600,84595,556400
36047095000,83846,643700
36047095400,96597,656600
36047095600,78547,645300
36047095800,69120,510600
36047096000,,
36047096200,67344,581400
36047096400,67763,545900
36047096600,66968,596700
36047096800,91080,538600
36047097000,77895,717800
36047097400,76767,504300
36047098200,22309,
36047098400,97386,611300
36047098600,81369,631300
36047098800,83628,552800
36047099000,77721,629100
36047099200,81542,619300
36047099400,100266,582900
36047099600,65260,734900
36047099800,80938,665400
36047100400,76207,610300
36047100600,96597,588900
36047100800,84348,556000
36047101000,59070,606900
36047101200,85556,564400
36047101400,86923,557100
36047101600,106944,663900
36047101800,86188,558800
36047102000,111767,574000
36047102200,72273,557800
36047102400,74643,620700
36047102600,100417,652400
36047102801,86300,599200
36047102802,,
36047103401,17871,
36047103402,,
36047105801,19826,
36047105804,39446,512500
36047107001,53073,473700
36047107002,,
36047107003,,
36047107800,73847,420900
36047109800,52886,538900
36047110400,41949,479200
36047110600,28000,
36047111000,28365,
36047111600,72472,473400
36047111800,75299,539700
36047112000,54706,536400
36047112200,22734,642800
36047112400,44875,472700
36047112600,49311,614600
36047112800,40063,644200
36047113000,47700,460400
36047113200,50149,388000
36047113400,27059,565800
36047114201,,447900
36047114202,58576,574400
36047114400,72711,572800
36047114600,35464,625000
36047115000,63106,585400
36047115200,48894,575700
36047115600,25842,576100
36047115800,57617,489200
36047116000,41724,472000
36047116200,54097,503900
36047116400,60137,441500
36047116600,51477,625000
36047116800,61121,603300
36047117000,,650300
36047117201,56906,572400
36047117202,67929,604300
36047117400,,470200
36047117601,54167,586000
36047117602,53444,411000
36047117800,49423,634100
36047118000,,
36047118201,72098,542400
36047118202,60438,748400
36047118400,66408,622100
36047118600,75583,508900
36047118800,59112,516500
36047119000,48375,563500
36047119200,85071,493200
36047119400,55788,490200
36047119600,43916,491500
36047119800,38854,567800
36047120000,34522,456800
36047120200,80170,467600
36047120801,69235,569000
36047120802,30707,
36047120803,29331,608100
36047121000,14494,
36047121400,20600,
36047122000,48036,585700
36047123700,45333,821800
36047150200,112228,1130100
36047152200,205227,972200
36047990100,,
36061000100,,
36061000201,32286,
36061000202,31806,667500
36061000500,,
36061000600,19692,776000
36061000700,193276,1223100
36061000800,28269,500000
36061000900,208438,1558300
36061001001,101893,779500
36061001002,22183,
36061001200,83669,734100
36061001300,193065,894100
36061001401,95515,839300
36061001402,33793,
36061001501,109832,767300
36061001502,197993,1169500
36061001600,41583,668200
36061001800,71567,748100
36061002000,25833,
36061002100,250001,2000001
36061002201,26021,
36061002202,114676,597800
36061002400,14533,
36061002500,21381,
36061002601,32727,642600
36061002602,68537,509500
36061002700,107031,694400
36061002800,52448,867500
36061002901,,
36061002902,28615,893600
36061003001,78935,1128300
36061003002,73607,720600
36061003100,193667,1166700
36061003200,82984,
36061003300,250001,2000001
36061003400,92569,
36061003601,44193,869600
36061003602,130924,
36061003700,211979,2000001
36061003800,72736,2000001
36061003900,190563,2000001
36061004001,111985,805900
36061004002,139865,894700
36061004100,97287,790400
36061004200,128578,1207200
36061004300,102763,1332700
36061004400,125895,
36061004500,145370,2000001
36061004700,137882,2000001
36061004800,164620,777900
36061004900,119821,2000001
36061005000,168125,926100
36061005200,165972,1784100
36061005400,164700,1285000
36061005501,178008,937200
36061005502,129250,2000001
36061005600,162105,1419000
36061005700,198529,1352300
36061005800,138706,2000001
36061005900,151031,1153800
36061006000,189625,
36061006100,244702,995400
36061006200,100403,
36061006300,160781,1528300
36061006400,102312,1027600
36061006500,106561,1520000
36061006600,101127,675100
36061006700,113685,977200
36061006800,136962,761800
36061006900,237500,1612000
36061007001,110150,1033200
36061007002,130405,801700
36061007100,176711,1242500
36061007200,141161,768300
36061007300,142409,684200
36061007400,178045,885600
36061007500,109250,1138800
36061007600,131429,2000001
36061007700,143750,1333300
36061007800,151900,900800
36061007900,104246,1268300
36061008000,148750,1112300
36061008100,144375,1168500
36061008200,165911,1026300
36061008300,56197,675000
36061008400,200521,673200
36061008601,153333,1253700
36061008602,,
36061008603,204292,1337600
36061008700,172825,723900
36061008800,119571,704300
36061008900,111131,869400
36061009000,146289,826700
36061009100,148859,1842100
36061009200,153661,849200
36061009300,87706,
36061009400,,
36061009500,154274,2000001
36061009600,98846,
36061009700,64672,107200
36061009800,99657,806700
36061009901,250001,897500
36061009902,140077,2000001
36061009903,143011,
36061010000,101406,587500
36061010100,101500,
36061010200,83857,
36061010300,110756,422200
36061010400,165000,1086500
36061010601,243082,1347600
36061010602,194188,957800
36061010801,171250,712300
36061010802,139327,1086400
36061010803,139261,699700
36061010900,155417,
36061011000,144430,1140000
36061011100,109868,637200
36061011201,184200,1940500
36061011202,222500,2000001
36061011203,182014,1049200
36061011300,81667,645800
36061011401,250001,2000001
36061011402,204000,1653800
36061011500,147159,1511700
36061011600,87987,2000001
36061011700,124111,
36061011800,158472,986500
36061011900,18056,
36061012000,161526,1571600
36061012101,54850,
36061012102,52689,
36061012200,231701,2000001
36061012400,134163,973900
36061012500,157177,1572400
36061012601,102125,1247100
36061012602,177882,1555700
36061012700,132578,1017500
36061012800,166797,2000001
36061012901,112589,1278800
36061012902,86514,925500
36061013000,175208,2000001
36061013100,97240,1121400
36061013201,107895,
36061013202,83240,
36061013203,110642,818200
36061013300,84772,989200
36061013400,127788,1066100
36061013501,57741,
36061013502,,415200
36061013601,227462,1086600
36061013602,142734,890900
36061013603,111912,
36061013604,126863,1684100
36061013700,164849,865400
36061013800,163182,736100
36061013900,103362,762600
36061014000,131641,2000001
36061014200,211951,2000001
36061014300,,
36061014401,166583,816200
36061014402,135301,1124300
36061014500,184231,1590900
36061014601,131488,1687500
36061014602,115790,783100
36061014700,207425,1871100
36061014801,168068,1565700
36061014802,139196,2000001
36061014900,149324,1666700
36061015001,175893,2000001
36061015002,250001,2000001
36061015101,26533,
36061015102,145608,1901300
36061015200,114406,953300
36061015301,135911,2000001
36061015302,127339,2000001
36061015401,107342,873200
36061015402,104593,923800
36061015403,91853,880800
36061015501,191490,1270800
36061015502,136549,944900
36061015601,106520,2000001
36061015602,67813,1328100
36061015700,140734,1308700
36061015801,165481,1079100
36061015802,77889,273100
36061015900,144315,983300
36061016001,250001,2000001
36061016002,122688,2000001
36061016100,119914,1689900
36061016200,28189,120400
36061016300,121569,2000001
36061016400,25156,
36061016500,194477,1206100
36061016600,,689600
36061016700,215827,1568700
36061016800,34115,2000001
36061016900,153854,1175800
36061017000,40742,
36061017100,148201,2000001
36061017200,35486,
36061017300,116969,1680600
36061017401,37464,732000
36061017402,57750,567800
36061017500,163000,1901800
36061017700,97412,1056200
36061017800,46198,
36061017900,125259,1190800
36061018000,27152,661700
36061018100,102127,745300
36061018200,29929,582400
36061018300,129909,969200
36061018400,27293,658300
36061018500,142986,1001600
36061018600,40073,629000
36061018700,140970,1395200
36061018800,42272,2000001
36061018900,29421,908800
36061019000,76406,863700
36061019100,130625,1180200
36061019200,16295,
36061019300,73487,525700
36061019400,19926,522800
36061019500,105234,1044300
36061019600,20093,
36061019701,44154,
36061019702,85227,733000
36061019800,88646,716100
36061019900,91056,1127000
36061020000,61250,2000001
36061020101,156250,1237500
36061020102,79273,927800
36061020300,58835,784100
36061020500,179348,1594300
36061020600,44493,694900
36061020701,67610,723800
36061020800,98426,1207000
36061020901,22000,
36061021000,36616,50600
36061021100,67538,656100
36061021200,67900,353800
36061021303,59184,441700
36061021400,54375,
36061021500,49293,723000
36061021600,58297,978200
36061021703,,
36061021800,42796,1076100
36061021900,22068,
36061022000,95761,2000001
36061022102,99931,780200
36061022200,61125,1195600
36061022301,55365,595100
36061022302,25738,805600
36061022400,34224,2000001
36061022500,57933,352900
36061022600,52838,878600
36061022700,56265,586900
36061022800,77701,920700
36061022900,48591,621400
36061023000,37695,453200
36061023100,59043,
36061023200,35357,
36061023300,77660,932000
36061023400,66411,773600
36061023501,71592,418000
36061023502,49750,565200
36061023600,46774,329100
36061023700,42610,
36061023802,97703,
36061023803,83529,771700
36061023804,167379,1022400
36061023900,43526,506600
36061024000,,
36061024100,56984,440200
36061024200,37115,
36061024301,71250,857500
36061024302,25448,
36061024500,45645,
36061024700,49888,521200
36061024900,78438,
36061025100,34063,
36061025300,62684,
36061025500,62153,1549000
36061025700,83750,1089800
36061025900,71436,640800
36061026100,44173,591800
36061026300,54489,
36061026500,91521,392500
36061026700,59559,
36061026900,60619,365300
36061027100,72061,389600
36061027300,106316,606500
36061027500,149007,926600
36061027700,31650,
36061027900,51599,467500
36061028100,98750,641300
36061028300,64394,
36061028500,51959,
36061028700,69688,357900
36061029100,50106,
36061029300,55903,
36061029500,80327,391200
36061029700,,
36061029900,21458,
36061030300,80972,478100
36061030700,105540,473200
36061030900,41135,474000
36061031100,,
36061031703,250001,2000001
36061031704,207092,1171000
36061031900,,
36081000101,117024,543000
36081000102,197930,
36081000103,,
36081000104,,
36081000200,65000,632700
36081000400,72773,661400
36081000600,80366,744400
36081000701,155154,1186600
36081000702,102250,1158600
36081000800,80577,572900
36081001000,105022,644300
36081001200,69545,669200
36081001400,72413,664700
36081001600,82143,557200
36081001800,101285,584400
36081001901,197426,931300
36081001902,134911,834100
36081001903,153235,852000
36081002000,84286,658100
36081002200,66215,655000
36081002400,48824,571500
36081002500,21065,562500
36081002600,116516,710400
36081002800,76628,635800
36081003000,79833,689200
36081003100,107679,871200
36081003200,88000,609200
36081003301,143358,600000
36081003302,48015,938700
36081003400,72292,574400
36081003600,75668,616700
36081003700,,
36081003800,95598,564700
36081003900,48468,727300
36081004001,89565,569800
36081004002,42040,623400
36081004200,69886,608600
36081004300,22689,
36081004401,73444,715600
36081004500,74141,424600
36081004700,46600,944900
36081005000,,
36081005100,70313,744600
36081005200,66921,664200
36081005300,96690,1050400
36081005400,79044,610600
36081005500,90938,1078900
36081005700,81250,1353300
36081005800,83265,566500
36081005900,80729,1251200
36081006100,100067,1119600
36081006201,61933,242400
36081006202,66764,333400
36081006300,105171,
36081006501,101063,675000
36081006502,82117,782200
36081006900,123375,799700
36081007100,103839,735300
36081007300,106060,625000
36081007500,86382,573400
36081007700,98438,667900
36081007900,99129,642000
36081008100,81615,860800
36081008300,76932,642900
36081008500,81442,481500
36081008600,64519,660000
36081008700,17981,
36081008800,105485,658900
36081009100,85197,764100
36081009400,68813,631700
36081009500,91875,1042200
36081009600,97500,632400
36081009700,112083,930700
36081009800,91641,651400
36081009900,,
36081010000,108971,601300
36081010100,95978,965600
36081010200,92096,643500
36081010300,70742,889300
36081010400,63000,595700
36081010500,57483,832700
36081010600,101709,608900
36081010701,,
36081010800,88636,639200
36081011000,85833,585200
36081011100,99926,913200
36081011200,67762,649100
36081011300,107609,745300
36081011400,76698,598800
36081011500,106058,986100
36081011600,58516,484000
36081011700,102926,1120000
36081011800,74052,697800
36081011900,72670,875000
36081012000,73969,635800
36081012100,93750,979500
36081012200,85357,674900
36081012301,110433,966000
36081012400,73958,641700
36081012500,92361,1092700
36081012601,77366,553000
36081012602,68242,567800
36081012800,86607,722900
36081013000,65106,695000
36081013200,81061,825900
36081013400,83542,278100
36081013500,83162,836000
36081013600,75750,400000
36081013700,108015,946000
36081013800,74083,420700
36081014000,94129,453500
36081014100,86563,
36081014201,67351,963400
36081014202,67450,523200
36081014300,76607,1008900
36081014400,63906,555300
36081014500,79609,913200
36081014700,71815,985300
36081014800,,602300
36081014900,59781,1029100
36081015000,98636,665000
36081015100,73413,837600
36081015200,71986,585400
36081015300,89453,704900
36081015400,92813,668400
36081015500,93942,661500
36081015600,73877,628800
36081015700,62571,494400
36081015801,84600,533700
36081015802,92760,605300
36081015900,80000,693800
36081016100,93802,1084600
36081016300,30214,940700
36081016400,92153,469500
36081016600,61490,609200
36081016800,101146,575600
36081016900,77027,538600
36081017000,81786,558400
36081017101,,
36081017102,,
36081017200,71902,568700
36081017400,82300,527000
36081017600,58125,477500
36081017800,68333,532400
36081017901,61681,687500
36081017902,,
36081018000,76250,553300
36081018101,74884,492000
36081018102,83523,391700
36081018200,69183,450900
36081018300,80529,497500
36081018401,50446,484200
36081018402,82794,535600
36081018501,63710,395300
36081018502,98750,402700
36081018600,74750,499600
36081018700,73382,475000
36081018800,91420,468300
36081018900,80039,822100
36081019000,75511,460300
36081019200,71938,441200
36081019400,84609,470400
36081019600,78542,484600
36081019800,84034,554800
36081019901,,641700
36081019902,,
36081019903,,
36081020200,96575,462400
36081020400,56458,574500
36081020500,61023,635400
36081020600,72188,585700
36081020800,72574,753100
36081021200,60700,776700
36081021400,55649,643100
36081021601,92763,278300
36081021602,65564,515000
36081021603,,
36081021900,,
36081022001,76034,258700
36081022002,84783,287100
36081022900,,
36081023000,100000,801100
36081023200,81650,552600
36081023501,54539,770300
36081023502,60213,913500
36081023600,66339,726200
36081023800,52679,656900
36081024000,56887,256000
36081024300,56563,855100
36081024500,59078,331700
36081024600,,
36081024700,66042,852800
36081024900,68211,627600
36081025100,88899,398300
36081025301,65245,433300
36081025302,67500,409400
36081025401,78056,455700
36081025402,39038,460200
36081025500,82000,755200
36081025700,76544,698200
36081025800,83828,492500
36081025900,66301,584400
36081026000,78125,521700
36081026100,67698,516400
36081026200,73523,594400
36081026300,75335,575700
36081026400,71042,539000
36081026501,53289,300000
36081026502,98140,
36081026600,23542,577000
36081026700,47364,570100
36081026901,65145,613400
36081026902,50061,383000
36081027000,106797,473600
36081027101,52090,386800
36081027102,69775,
36081027200,77143,449300
36081027301,44049,1077100
36081027302,46860,368800
36081027400,55429,440600
36081027500,47383,239000
36081027600,69875,478900
36081027701,57616,691400
36081027702,67171,292100
36081027800,46154,394100
36081027900,67381,453900
36081028000,52083,499300
36081028100,67072,419400
36081028200,55197,439300
36081028300,71484,366000
36081028400,92500,420300
36081028500,83212,533800
36081028700,68213,477300
36081028801,78672,506700
36081028802,86648,542100
36081028803,,
36081028900,76424,431800
36081029100,58226,377400
36081029300,66458,814500
36081029400,92992,485300
36081029500,78185,366800
36081029700,76316,829300
36081029900,,
36081030600,86858,489900
36081030903,77269,782200
36081030904,58500,790500
36081030905,88077,844400
36081030906,64799,677800
36081031700,70400,560000
36081032000,76875,574100
36081032700,55395,821900
36081032800,79401,476300
36081032900,53603,741400
36081033000,89685,523200
36081033100,,
36081033401,79097,540400
36081033403,47813,
36081033404,40758,9999
36081033405,64965,
36081033700,108638,766900
36081033900,57342,376400
36081034700,61410,699700
36081035100,66151,250200
36081035200,97417,484900
36081035300,97813,932800
36081035700,82604,698000
36081035800,104125,593800
36081036100,67225,657000
36081036300,67708,777300
36081036500,62841,652100
36081036600,71500,476300
36081036700,50855,638500
36081036800,86293,451800
36081037100,64433,807900
36081037300,61042,863300
36081037501,58179,769500
36081037502,61673,851900
36081037600,108902,509000
36081037700,75781,806300
36081037900,70131,928100
36081038100,71721,707900
36081038301,,
36081038302,,
36081038400,92118,459000
36081039400,98083,524400
36081039800,113194,498900
36081039901,87369,661100
36081039902,51118,
36081040000,107188,579600
36081040101,54424,904800
36081040102,65954,701000
36081040200,120833,560800
36081040301,32339,458100
36081040302,70192,566700
36081040400,60625,550800
36081040501,,
36081040502,82011,633300
36081040701,73608,
36081040702,91806,930600
36081040901,,742100
36081040902,57763,656500
36081041100,62870,662300
36081041300,64565,739900
36081041400,81871,448300
36081041500,59978,674500
36081042400,72750,581100
36081042600,,
36081042700,48778,760300
36081043200,93269,584300
36081043400,91726,464100
36081043701,58625,430000
36081043702,55573,267300
36081043900,44886,665900
36081044000,72781,451800
36081044301,30425,657900
36081044302,55667,575800
36081044400,49911,550600
36081044601,51585,179400
36081044602,40292,621000
36081044800,56182,685300
36081045000,128472,674500
36081045200,80417,644900
36081045400,53777,
36081045500,62368,
36081045600,78875,848700
36081045700,65121,887500
36081045800,67639,968800
36081045900,74871,953300
36081046000,58234,
36081046100,68047,966100
36081046200,54489,499300
36081046300,57518,896100
36081046400,100781,917700
36081046500,74205,889700
36081046600,63496,212100
36081046700,61215,
36081046800,74669,572300
36081046901,62583,359400
36081046902,69417,410700
36081047000,50000,611000
36081047100,47067,590900
36081047200,100475,912000
36081047300,62799,480000
36081047500,74769,708300
36081047600,101928,970900
36081047801,37427,273500
36081047802,87066,541700
36081047900,68179,775300
36081048000,86450,616700
36081048100,64091,703000
36081048200,68942,630700
36081048301,60298,1071200
36081048302,78592,840100
36081048400,75106,551200
36081048500,62434,435300
36081048900,62000,840800
36081049201,74583,742200
36081049202,95919,647700
36081049301,68125,795100
36081049302,65735,645300
36081049500,104107,691100
36081049600,93209,568200
36081049700,63700,840600
36081049900,65270,822300
36081050000,65698,814600
36081050201,79342,588400
36081050202,69398,558700
36081050400,102885,503300
36081050500,79375,754700
36081050600,118542,485900
36081050700,80833,725900
36081050800,66471,435800
36081051000,76250,496400
36081051100,109310,823400
36081051200,87917,519400
36081051300,103304,772700
36081051500,94289,552600
36081051600,99643,459000
36081051700,98015,705800
36081051800,105329,524400
36081052000,75625,540900
36081052100,108194,647800
36081052200,95000,463300
36081052400,109477,544000
36081052500,66667,689000
36081052600,78696,488900
36081052800,78387,561100
36081053000,117333,498300
36081053100,65040,803400
36081053200,72500,526800
36081053401,106833,488800
36081053501,71793,464400
36081053502,,
36081053601,,514400
36081053800,103250,544900
36081053901,83172,768200
36081053902,137171,584800
36081054000,72212,481200
36081054200,82406,596200
36081054500,55694,631000
36081054700,87895,1080600
36081054800,90208,602200
36081054900,82727,647200
36081055100,66250,775000
36081055200,75511,550000
36081055300,77679,761400
36081055400,84750,591300
36081055500,81000,659800
36081055600,111860,588800
36081055700,81701,800500
36081055800,88021,651500
36081055900,71324,616400
36081056000,80179,607300
36081056100,,
36081056200,87344,571300
36081056400,69464,626200
36081056500,98750,699500
36081056600,65625,572500
36081056700,103045,743900
36081056800,99339,585300
36081057700,74500,804500
36081057900,65370,622000
36081058000,99648,499600
36081058100,64896,713400
36081058200,109527,486400
36081058300,82772,1071500
36081058500,72950,835900
36081058700,91301,894900
36081058900,62403,1010400
36081059000,95625,501400
36081059100,68364,819100
36081059200,111667,557900
36081059300,73693,693500
36081059400,126774,457200
36081059501,91053,688400
36081059502,71801,
36081059600,69107,525300
36081059800,93808,490900
36081059900,77222,785100
36081060000,107946,532700
36081060100,96953,649400
36081060300,90074,655600
36081060600,,461800
36081060701,,
36081060800,101042,496300
36081061000,97813,461900
36081061200,126638,510600
36081061301,66835,815300
36081061302,,
36081061400,132633,519900
36081061601,99583,492200
36081061602,111089,575000
36081061800,92670,453200
36081061900,100861,679500
36081062000,103417,521500
36081062100,83773,791800
36081062200,124236,472100
36081062300,68869,650300
36081062400,,
36081062500,80625,664300
36081062600,107946,510700
36081062700,66042,704900
36081062900,86309,604400
36081063000,110583,523700
36081063200,111667,515200
36081063301,83750,612200
36081063302,105417,651100
36081063500,74029,735400
36081063700,91655,674900
36081063800,108417,531100
36081063900,75729,629800
36081064101,78403,279600
36081064102,,
36081064500,87632,843500
36081064600,104063,534400
36081065000,112411,578600
36081065401,100313,595900
36081065402,,
36081065501,,
36081065600,97850,554800
36081065702,74511,742600
36081065703,103288,706000
36081065900,106304,757300
36081066000,69583,514300
36081066100,102411,818600
36081066301,116848,788800
36081066302,,
36081066401,161250,479700
36081066402,101365,486300
36081066403,88317,498600
36081066404,,
36081066501,77453,829400
36081066701,113125,685300
36081066900,90078,843200
36081067100,104839,731400
36081067700,105583,813600
36081067900,62266,860800
36081068000,114327,491000
36081068200,93631,545400
36081068300,59107,411800
36081068700,56855,711900
36081069000,108897,579700
36081069300,75119,430100
36081069400,93675,538100
36081069500,100903,859200
36081069701,93032,415400
36081069702,79433,879800
36081070300,85805,797400
36081070700,110052,872900
36081070900,105167,869100
36081071100,87682,465500
36081071303,89412,363100
36081071304,88549,417000
36081071305,100685,534800
36081071306,86686,369700
36081071600,,
36081071701,61426,344800
36081071702,79292,355900
36081071900,49674,796200
36081072100,76318,335500
36081072300,171250,1308600
36081072900,151932,981200
36081073100,145529,1026900
36081073700,106023,812500
36081073900,109276,558500
36081074100,83214,351700
36081074300,76875,425200
36081074500,46659,515600
36081074700,109240,626700
36081074900,211020,1515200
36081075701,99954,385600
36081075702,123170,465100
36081076901,97097,408400
36081076902,98438,365900
36081077300,99444,295600
36081077500,90781,1068500
36081077902,92214,818700
36081077903,84318,283300
36081077904,103542,751900
36081077905,93579,264700
36081077906,70096,329700
36081077907,49857,830900
36081077908,53362,380000
36081078800,110833,521500
36081079000,81573,547900
36081079200,68871,500600
36081079300,,
36081079701,41944,430700
36081079702,54096,523200
36081079900,46273,989000
36081080301,50033,886200
36081080302,71760,699900
36081080900,73946,305900
36081081400,125343,578200
36081081800,88068,601100
36081083700,56356,849900
36081083800,84481,614000
36081084000,106325,586700
36081084500,32285,631400
36081084601,94414,719900
36081084602,73036,680100
36081084901,48191,
36081084902,48409,398900
36081085300,32404,637600
36081085500,38567,270000
36081085700,47609,438700
36081085900,53821,377200
36081086100,52019,381300
36081086300,41716,353300
36081086400,106612,609900
36081086500,40777,372400
36081086900,41645,616400
36081087100,39261,806000
36081088400,97830,650700
36081088902,50307,295300
36081088903,73060,307900
36081089201,132739,794100
36081089202,,
36081090700,83917,803700
36081091602,,
36081091603,113047,610900
36081091604,,
36081091800,,
36081091900,88466,749000
36081092200,163500,893000
36081092500,50234,667000
36081092800,138452,920600
36081092900,74122,676700
36081093401,92847,664000
36081093402,98636,671700
36081093800,60917,
36081093900,83929,680400
36081094201,70236,644400
36081094202,51098,452900
36081094203,55231,185700
36081094500,70840,880500
36081094700,73487,858500
36081095400,75781,476300
36081096400,83438,541100
36081097202,33051,
36081097204,56586,
36081097205,27790,
36081097206,32060,465800
36081097207,,
36081097300,108162,906400
36081098100,95694,986000
36081098700,92500,833500
36081099100,106250,671200
36081099200,31258,376700
36081099701,105069,418900
36081099703,104634,540800
36081099704,82873,388600
36081099705,130833,725900
36081099801,68370,523000
36081099802,53591,
36081099900,,
36081100801,119674,492000
36081100803,44146,540000
36081100804,109878,538900
36081101002,38395,707700
36081101003,,
36081101004,43168,591300
36081101700,80000,539600
36081102900,91000,872500
36081103201,42857,574100
36081103202,72279,732100
36081103300,90457,910800
36081103900,67023,846700
36081104700,59973,730000
36081105900,105721,860500
36081107201,91029,442200
36081107202,,
36081108500,60761,885700
36081109300,127104,991100
36081109700,103958,841300
36081109900,88393,709000
36081111300,105263,974400
36081112300,107500,937500
36081112900,87188,890600
36081113300,108500,563600
36081113900,66081,761900
36081114100,106705,910300
36081114700,87781,926900
36081115100,81563,916700
36081115500,79519,873800
36081115700,59722,910600
36081115900,67981,960200
36081116100,29832,385700
36081116301,30642,450000
36081116302,60916,568700
36081116700,53482,905400
36081117100,61154,1095700
36081117500,82545,844800
36081118100,78625,825600
36081118500,50000,837500
36081118700,51250,886500
36081118900,46426,893600
36081119100,37886,868200
36081119300,46864,848200
36081119500,89583,812500
36081119900,100000,899600
36081120100,65156,943300
36081120300,56250,1070200
36081120500,25292,833300
36081120701,94196,849100
36081120702,,
36081121100,,
36081121500,88771,822400
36081122300,84130,983800
36081122702,32378,
36081122703,71742,574700
36081122704,60625,581400
36081124100,81250,841800
36081124700,74922,842700
36081125700,71852,694900
36081126500,123906,706000
36081126700,78750,756600
36081127700,127730,978700
36081128300,,
36081129102,122123,922500
36081129103,69964,252500
36081129104,96711,320900
36081130100,87083,317200
36081133300,118562,912000
36081133900,125063,851800
36081134100,80964,919100
36081134701,74518,
36081134702,78618,607800
36081136700,86470,358800
36081137700,90238,766500
36081138501,92654,966600
36081138502,,
36081139900,127431,886000
36081140300,69531,801900
36081140901,103500,877700
36081140902,83081,903500
36081141700,67298,836400
36081142900,72979,874100
36081143500,109732,892400
36081144100,105456,790800
36081144700,80469,861000
36081145101,72045,942200
36081145102,70582,810800
36081145900,92167,845600
36081146300,74370,482600
36081146700,104167,888500
36081147100,91094,392000
36081147900,78958,610800
36081148300,118345,1067400
36081150701,150284,983000
36081150702,96336,878500
36081152901,72967,620500
36081152902,105207,310700
36081155101,60800,654400
36081155103,96375,268800
36081155104,129167,381500
36081156700,61406,615000
36081157101,102525,593100
36081157102,111250,682100
36081157901,111391,634700
36081157902,88355,643000
36081157903,108387,648400
36081161700,123728,617100
36081162100,88086,602600
36081990100,,
36085000300,66938,538800
36085000600,,557400
36085000700,53615,442100
36085000800,83697,493100
36085000900,63542,605200
36085001100,49539,403300
36085001700,55323,667000
36085001800,78295,
36085002001,68586,561500
36085002002,80764,666800
36085002100,61500,426200
36085002700,30188,441700
36085002900,41111,441300
36085003300,99750,493500
36085003600,105714,594800
36085003900,85221,
36085004001,52204,788800
36085004002,115632,424000
36085004003,13855,
36085004004,84732,408500
36085004700,101196,563500
36085005000,75833,580700
36085005901,77238,660900
36085005902,,
36085006400,61154,629000
36085006700,129722,685900
36085007001,67679,516900
36085007002,85380,533900
36085007400,68264,487600
36085007500,99324,584300
36085007700,80761,395800
36085008100,55694,486600
36085009601,101625,604200
36085009602,76484,600200
36085009701,106075,555400
36085009702,,
36085010500,86250,551400
36085011201,95586,532400
36085011203,75071,534500
36085011204,155270,
36085011401,75284,501200
36085011402,88781,582000
36085012100,149750,626600
36085012200,93777,640200
36085012500,111434,565600
36085012804,84706,533900
36085012805,114591,540800
36085012806,56345,505300
36085013201,120872,669900
36085013203,116755,647900
36085013204,97752,602900
36085013301,16250,
36085013302,93929,422500
36085013400,79412,592200
36085013800,132261,637100
36085014100,59825,415600
36085014604,125750,595900
36085014605,120351,601400
36085014606,92012,467000
36085014607,109427,617400
36085014608,114205,572200
36085014700,103646,629500
36085015100,104191,543300
36085015400,,
36085015601,125774,609500
36085015602,123291,629300
36085015603,74656,532200
36085016901,136506,600200
36085017005,101509,697500
36085017007,93634,427400
36085017009,91641,736200
36085017011,119352,617300
36085017012,103068,611500
36085017013,81611,433800
36085017014,97692,463400
36085017015,126588,640000
36085017016,113068,577100
36085017300,39974,655600
36085017600,160870,870000
36085017701,144375,794400
36085017702,101608,700900
36085018100,91592,829900
36085018701,122148,593200
36085018703,80778,627200
36085018704,112091,629300
36085018901,133946,591800
36085018902,102219,632200
36085019700,89868,592300
36085019800,88013,775200
36085020100,104750,481500
36085020701,63750,420600
36085020702,28523,362500
36085020803,133630,677400
36085020804,92500,671700
36085020805,116765,439200
36085020806,79744,712600
36085021300,74141,442300
36085022300,56696,318500
36085022601,126364,622400
36085022602,,605200
36085022801,,
36085022802,,
36085023100,80234,405200
36085023900,74837,420300
36085024401,118592,812100
36085024402,117019,811000
36085024700,74263,487500
36085024800,125446,650600
36085025100,112244,596500
36085027301,87303,499400
36085027302,81083,684200
36085027702,82721,361100
36085027704,79575,625600
36085027705,95231,623200
36085027706,73322,596200
36085027900,128750,859600
36085029102,89286,590200
36085029104,104904,597600
36085029105,97279,666400
36085029106,127671,679900
36085030301,95913,457600
36085030302,85842,420500
36085031901,,288300
36085031902,76066,381600
36085032300,86471,237100
36085990100,,
